<?xml version="1.0" encoding="UTF-8"?><metadata>
    <idinfo>
        <citation>
            <citeinfo>
                <origin/>
                <origin/>
                <pubdate>20180615</pubdate>
                <title>Universities and Colleges</title>
                <geoform>vector digital data</geoform>
                <pubinfo>
                    <publish>DC GIS</publish>
                </pubinfo>
                <lworkcit>
                    <citeinfo>
                        <origin/>
                        <title>DC Geographic Information System</title>
                        <geoform>vector digital data</geoform>
                    </citeinfo>
                </lworkcit>
            </citeinfo>
        </citation>
        <descript>
            <abstract>University and College. The dataset contains locations and attributes of University and College, created as part of the DC Geographic Information System (DC GIS) for the D.C. Office of the Chief Technology Officer (OCTO) and participating D.C. government agencies. Information provided by OCTO, EMA, and other sources identified University Areas and DC GIS staff geo-processed the data. This layer does not represent university areas contained in the campus plans from the DC Office of Zoning.</abstract>
            <purpose>This data is used for the planning and management of Washington, D.C. by local government agencies.</purpose>
        </descript>
        <timeperd>
            <timeinfo>
                <sngdate>
                    <caldate>20120130</caldate>
                </sngdate>
            </timeinfo>
            <current>publication date</current>
        </timeperd>
        <status>
            <progress>Complete</progress>
            <update>As needed</update>
        </status>
        <spdom>
            <bounding>
                <westbc>-77.094926</westbc>
                <eastbc>-76.984578</eastbc>
                <northbc>38.977368</northbc>
                <southbc>38.866411</southbc>
            </bounding>
        </spdom>
        <keywords>
            <theme>
                <themekt>None</themekt>
                <themekey>University</themekey>
                <themekey>School</themekey>
                <themekey>Society</themekey>
                <themekey>education</themekey>
                <themekey>Student</themekey>
                <themekey>College</themekey>
            </theme>
            <theme>
                <themekt>ISO 19115 Topic Categories</themekt>
                <themekey>society</themekey>
            </theme>
            <place>
                <placekt>None</placekt>
                <placekey>District of Columbia</placekey>
                <placekey>DCGIS</placekey>
                <placekey>DC GIS</placekey>
                <placekey>DC</placekey>
                <placekey>Washington</placekey>
                <placekey>D.C.</placekey>
            </place>
        </keywords>
        <accconst>None</accconst>
        <useconst>This work is licensed under a Creative Commons Attribution 4.0 International License.</useconst>
        <ptcontac>
            <cntinfo>
                <cntorgp>
                    <cntorg>D.C. Office of the Chief Technology Officer</cntorg>
                    <cntper>GIS Data Coordinator</cntper>
                </cntorgp>
                <cntaddr>
                    <addrtype>mailing and physical</addrtype>
                    <address>200 I Street SE, 5th Floor</address>
                    <city>Washington</city>
                    <state>DC</state>
                    <postal>20003</postal>
                    <country>US</country>
                </cntaddr>
                <cntfax>(202) 727-5660</cntfax>
                <cntemail>dcgis@dc.gov</cntemail>
                <hours>8:30 am - 5 pm</hours>
            </cntinfo>
        </ptcontac>
        <datacred>DC Office of the Chief Technology Officer, DC Emergency Management Agency</datacred>
    </idinfo>
    <dataqual>
        <attracc>
            <attraccr>Data believed to be complete and accurate, subject to change. Digital version compared with original source data for accuracy and completeness. Validated by source and/or responsible agency.</attraccr>
        </attracc>
        <logic>In process of validation by source and/or responsible agency.</logic>
        <complete>Data believed to be complete and accurate, subject to change. Digital version compared with original source data for accuracy and completeness. Validated by source and/or responsible agency.</complete>
        <posacc>
            <horizpa>
                <horizpar>In process of validation by source and/or responsible agency.</horizpar>
            </horizpa>
            <vertacc>
                <vertaccr>N/A</vertaccr>
            </vertacc>
        </posacc>
        <lineage>
            <srcinfo>
                <srccite>
                    <citeinfo>
                        <origin/>
                        <origin/>
                        <pubdate>20120101</pubdate>
                        <title>Real Property Data</title>
                        <onlink>http://vpm.dc.gov</onlink>
                    </citeinfo>
                </srccite>
                <typesrc>None</typesrc>
                <srccitea>Real Property Data</srccitea>
                <srccontr>location</srccontr>
            </srcinfo>
            <srcinfo>
                <srccite>
                    <citeinfo>
                        <pubdate>20050101</pubdate>
                        <title>University Websites</title>
                        <othercit>visited Georgetown, Galluadet, American, Catholic, GWU, and UDC web sites.</othercit>
                    </citeinfo>
                </srccite>
                <typesrc>None</typesrc>
                <srccitea>University Web Sites</srccitea>
                <srccontr>location and attributes</srccontr>
            </srcinfo>
            <srcinfo>
                <srccite>
                    <citeinfo>
                        <origin/>
                        <pubdate>20050101</pubdate>
                        <title>Metro Washington, DC</title>
                        <edition>37th</edition>
                        <onlink>http://www.adcmaps.com</onlink>
                    </citeinfo>
                </srccite>
                <typesrc>None</typesrc>
                <srccitea>ADC Map</srccitea>
                <srccontr>Location</srccontr>
            </srcinfo>
            <procstep>
                <procdesc>* Extended length of NAME fied to 75 from 50 (for UniversPt) * Reviewed Names of Schools (spellling etc) * Standardized name to 'George Washington University at Mount Vernon College' (both Pt and Ply) * Made sure number of records in UniversPt = UnivesityPly * Updated GWU &amp; Georgetown polygons * Added 16 Universities and colleges there were minor ones.</procdesc>
            </procstep>
            <procstep>
                <procdesc>Universities were identified from public records and university websites. They were snapped to select snapbase features and heads-up digitized from the 2003 orthophotographs to create complete campus boundaries. In most cases, these boundaries were captured using the ADC maps. Staff inferred boundaries from campus maps to close the boundaries.</procdesc>
                <srcused>withheld</srcused>
                <proccont>
                    <cntinfo>
                        <cntorgp>
                            <cntorg>Office of the Chief Technology Officer</cntorg>
                            <cntper>GIS Data Coordinator</cntper>
                        </cntorgp>
                        <cntaddr>
                            <addrtype>mailing and physical</addrtype>
                            <address>441 4th st NW, Suite 930 South</address>
                            <city>Washington</city>
                            <state>DC</state>
                            <postal>20001</postal>
                            <country>US</country>
                        </cntaddr>
                        <cntfax>202-727-5660</cntfax>
                        <cntemail>dcgis@dc.gov</cntemail>
                        <hours>8:30am - 5:30pm</hours>
                    </cntinfo>
                </proccont>
            </procstep>
            <procstep>
                <procdesc>Added Augustinian and Theological Colleges after performing regular maintenance on layer.</procdesc>
                <proccont>
                    <cntinfo>
                        <cntorgp>
                            <cntorg>Office of the Chief Technology Officer</cntorg>
                            <cntper>GIS Data Coordinator</cntper>
                        </cntorgp>
                        <cntaddr>
                            <addrtype>mailing and physical</addrtype>
                            <address>441 4th St NW, Suite 930 South</address>
                            <city>Washington</city>
                            <state>DC</state>
                            <postal>20001</postal>
                            <country>US</country>
                        </cntaddr>
                        <cntfax>202-727-5660</cntfax>
                        <cntemail>dcgis@dc.gov</cntemail>
                        <hours>8:30am - 5:30pm</hours>
                    </cntinfo>
                </proccont>
            </procstep>
            <procstep>
                <procdesc>Removed Southeastern University.</procdesc>
                <srcused>withheld</srcused>
                <procdate>20100325</procdate>
                <proccont>
                    <cntinfo>
                        <cntorgp>
                            <cntorg>OCTO</cntorg>
                        </cntorgp>
                    </cntinfo>
                </proccont>
            </procstep>
            <procstep>
                <procdesc>Staff reviewed the campus areas abd redefined them based on the vector property map. Before, there were residential areas contained in colleges in error. The new boundaries are more representative of the actual university ownership coverage.</procdesc>
                <procdate>20120130</procdate>
                <proccont>
                    <cntinfo>
                        <cntorgp>
                            <cntorg>OCTO</cntorg>
                        </cntorgp>
                    </cntinfo>
                </proccont>
            </procstep>
            <procstep>
                <procdesc>Staff updated Capuchin College address.</procdesc>
                <procdate>20180330</procdate>
                <proccont>
                    <cntinfo>
                        <cntorgp>
                            <cntorg>D.C. Office of the Chief Technology Officer</cntorg>
                            <cntper>GIS Data Coordinator</cntper>
                        </cntorgp>
                        <cntaddr>
                            <addrtype>mailing and physical</addrtype>
                            <address>200 I Street SE, 5th Floor</address>
                            <city>Washington</city>
                            <state>DC</state>
                            <postal>20003</postal>
                            <country>US</country>
                        </cntaddr>
                        <cntfax>(202) 727-5660</cntfax>
                        <cntemail>dcgis@dc.gov</cntemail>
                        <hours>8:30 am - 5 pm</hours>
                    </cntinfo>
                </proccont>
            </procstep>
        </lineage>
    </dataqual>
    <spdoinfo>
        <direct>Vector</direct>
        <ptvctinf>
            <sdtsterm>
                <sdtstype>Entity point</sdtstype>
                <ptvctcnt>0</ptvctcnt>
            </sdtsterm>
        </ptvctinf>
    </spdoinfo>
    <eainfo>
        <detailed>
            <enttyp>
                <enttypl>DCGIS.UniversPt</enttypl>
            </enttyp>
            <attr>
                <attrlabl>OBJECTID</attrlabl>
                <attrdef>Internal feature number.</attrdef>
                <attrdefs>ESRI</attrdefs>
                <attrdomv>
                              
                    <udom>Sequential unique whole numbers that are automatically generated.</udom>
                            
                </attrdomv>
            </attr>
            <attr>
                <attrlabl>NAME</attrlabl>
                <attrdef>University Name</attrdef>
                <attrdefs>Esri</attrdefs>
                <attrdomv>
                              
                    <udom>Sequential unique whole numbers that are automatically generated.</udom>
                            
                </attrdomv>
            </attr>
            <attr>
                <attrlabl>ADDRESS</attrlabl>
                <attrdef>University Address</attrdef>
            </attr>
            <attr>
                <attrlabl>Shape</attrlabl>
                <attrdef>Feature geometry.</attrdef>
                <attrdefs>ESRI</attrdefs>
                <attrdomv>
                              
                    <udom>Coordinates defining the features.</udom>
                            
                </attrdomv>
            </attr>
            <attr>
                <attrlabl>XCOORD</attrlabl>
            </attr>
            <attr>
                <attrlabl>YCOORD</attrlabl>
                <attrdef>Feature geometry.</attrdef>
                <attrdefs>Esri</attrdefs>
                <attrdomv>
                              
                    <udom>Coordinates defining the features.</udom>
                            
                </attrdomv>
            </attr>
            <attr>
                <attrlabl>SHAPE</attrlabl>
                <attrdef>Feature geometry.</attrdef>
                <attrdefs>ESRI</attrdefs>
                <attrdomv>
                              
                    <udom>Coordinates defining the features.</udom>
                            
                </attrdomv>
            </attr>
            <attr>
                <attrlabl>MAR_ID</attrlabl>
            </attr>
            <attr>
                <attrlabl>GIS_ID</attrlabl>
                <attrdef>OCTO GIS sequential identifier</attrdef>
                <attrdefs>ESRI</attrdefs>
                <attrdomv>
                              
                    <udom>Coordinates defining the features.</udom>
                            
                </attrdomv>
            </attr>
            <attr>
                <attrlabl>WEB_URL</attrlabl>
                <attrdef>University Web Site url</attrdef>
                <attrdefs>Esri</attrdefs>
                <attrdomv>
                              
                    <udom>Coordinates defining the features.</udom>
                            
                </attrdomv>
            </attr>
            <attr>
                <attrlabl>SE_ANNO_CAD_DATA</attrlabl>
            </attr>
        </detailed>
    </eainfo>
    <distinfo>
        <distrib>
            <cntinfo>
                <cntorgp>
                    <cntorg>D.C. Office of the Chief Technology Officer</cntorg>
                    <cntper>GIS Data Coordinator</cntper>
                </cntorgp>
                <cntaddr>
                    <addrtype>mailing and physical</addrtype>
                    <address>200 I Street SE, 5th Floor</address>
                    <city>Washington</city>
                    <state>DC</state>
                    <postal>20003</postal>
                    <country>US</country>
                </cntaddr>
                <cntfax>(202) 727-5660</cntfax>
                <cntemail>dcgis@dc.gov</cntemail>
                <hours>8:30 am - 5 pm</hours>
            </cntinfo>
        </distrib>
        <distliab>See access and use constraints information.</distliab>
        <custom>DC datasets can be downloaded from "http://opendata.dc.gov".</custom>
    </distinfo>
    <metainfo>
        <metd>20180618</metd>
        <metrd>07/15/04</metrd>
        <metc>
            <cntinfo>
                <cntorgp>
                    <cntorg>D.C. Office of the Chief Technology Officer</cntorg>
                    <cntper>GIS Data Coordinator</cntper>
                </cntorgp>
                <cntaddr>
                    <addrtype>mailing and physical</addrtype>
                    <address>200 I Street SE, 5th Floor</address>
                    <city>Washington</city>
                    <state>DC</state>
                    <postal>20003</postal>
                    <country>US</country>
                </cntaddr>
                <cntfax>(202) 727-5660</cntfax>
                <cntemail>dcgis@dc.gov</cntemail>
                <hours>8:30 am - 5 pm</hours>
            </cntinfo>
        </metc>
        <metstdn>FGDC Content Standard for Digital Geospatial Metadata</metstdn>
        <metstdv>FGDC-STD-001-1998</metstdv>
        <mettc>local time</mettc>
    </metainfo>
</metadata>
